station;libelle_station;parametre;resultat;unite;qualification;latitude;longitude;date
01057000;LA LYS CANALISÉE À DEULÉMONT (59);Nitrates;38.0;mg(NO3)/L;Correcte;50.730039626;2.936821561;2020-02-06
01057000;LA LYS CANALISÉE À DEULÉMONT (59);Nitrates;16.6;mg(NO3)/L;Correcte;50.730039626;2.936821561;2020-06-12
01057000;LA LYS CANALISÉE À DEULÉMONT (59);Nitrates;17.0;mg(NO3)/L;Correcte;50.730039626;2.936821561;2020-08-10
01057000;LA LYS CANALISÉE À DEULÉMONT (59);Nitrates;23.0;mg(NO3)/L;Correcte;50.730039626;2.936821561;2020-10-08
01057000;LA LYS CANALISÉE À DEULÉMONT (59);Nitrates;27.0;mg(NO3)/L;Correcte;50.730039626;2.936821561;2020-12-14
01057000;LA LYS CANALISÉE À DEULÉMONT (59);Nitrates;34.0;mg(NO3)/L;Correcte;50.730039626;2.936821561;2021-02-09
01057000;LA LYS CANALISÉE À DEULÉMONT (59);Nitrates;26.0;mg(NO3)/L;Correcte;50.730039626;2.936821561;2021-04-09
01057000;LA LYS CANALISÉE À DEULÉMONT (59);Nitrates;21.0;mg(NO3)/L;Correcte;50.730039626;2.936821561;2021-06-11
01057000;LA LYS CANALISÉE À DEULÉMONT (59);Nitrates;17.0;mg(NO3)/L;Correcte;50.730039626;2.936821561;2021-08-09
01057000;LA LYS CANALISÉE À DEULÉMONT (59);Nitrates;21.0;mg(NO3)/L;Correcte;50.730039626;2.936821561;2021-10-14
01057000;LA LYS CANALISÉE À DEULÉMONT (59);Nitrates;27.0;mg(NO3)/L;Correcte;50.730039626;2.936821561;2021-12-13
01057000;LA LYS CANALISÉE À DEULÉMONT (59);Nitrates;26.0;mg(NO3)/L;Correcte;50.730039626;2.936821561;2022-02-08
01057000;LA LYS CANALISÉE À DEULÉMONT (59);Nitrates;23.0;mg(NO3)/L;Correcte;50.730039626;2.936821561;2022-04-20
01057000;LA LYS CANALISÉE À DEULÉMONT (59);Nitrates;17.0;mg(NO3)/L;Correcte;50.730039626;2.936821561;2022-06-14
01057000;LA LYS CANALISÉE À DEULÉMONT (59);Nitrates;15.0;mg(NO3)/L;Correcte;50.730039626;2.936821561;2022-08-09
01057000;LA LYS CANALISÉE À DEULÉMONT (59);Nitrates;19.0;mg(NO3)/L;Correcte;50.730039626;2.936821561;2022-10-18
01057000;LA LYS CANALISÉE À DEULÉMONT (59);Nitrates;24.0;mg(NO3)/L;Correcte;50.730039626;2.936821561;2022-12-09
01057000;LA LYS CANALISÉE À DEULÉMONT (59);Nitrates;24.0;mg(NO3)/L;Correcte;50.730039626;2.936821561;2023-02-15
01057000;LA LYS CANALISÉE À DEULÉMONT (59);Nitrates;21.0;mg(NO3)/L;Correcte;50.730039626;2.936821561;2023-04-17
01057000;LA LYS CANALISÉE À DEULÉMONT (59);Nitrates;13.0;mg(NO3)/L;Correcte;50.730039626;2.936821561;2023-06-14
01057000;LA LYS CANALISÉE À DEULÉMONT (59);Nitrates;14.0;mg(NO3)/L;Correcte;50.730039626;2.936821561;2023-08-08
01057000;LA LYS CANALISÉE À DEULÉMONT (59);Nitrates;19.0;mg(NO3)/L;Correcte;50.730039626;2.936821561;2023-10-10
01057000;LA LYS CANALISÉE À DEULÉMONT (59);Nitrates;24.0;mg(NO3)/L;Correcte;50.730039626;2.936821561;2023-12-11
01057000;LA LYS CANALISÉE À DEULÉMONT (59);Nitrates;27.0;mg(NO3)/L;Correcte;50.730039626;2.936821561;2024-02-19
01057000;LA LYS CANALISÉE À DEULÉMONT (59);Nitrates;24.0;mg(NO3)/L;Correcte;50.730039626;2.936821561;2024-04-15
01057000;LA LYS CANALISÉE À DEULÉMONT (59);Nitrates;23.0;mg(NO3)/L;Correcte;50.730039626;2.936821561;2024-06-11
01057000;LA LYS CANALISÉE À DEULÉMONT (59);Nitrates;15.0;mg(NO3)/L;Correcte;50.730039626;2.936821561;2024-08-09
01057000;LA LYS CANALISÉE À DEULÉMONT (59);Nitrates;23.0;mg(NO3)/L;Correcte;50.730039626;2.936821561;2024-10-10
01057000;LA LYS CANALISÉE À DEULÉMONT (59);Nitrates;31.0;mg(NO3)/L;Correcte;50.730039626;2.936821561;2024-12-11
01057000;LA LYS CANALISÉE À DEULÉMONT (59);Chlorures;110.0;mg(Cl)/L;Correcte;50.730039626;2.936821561;2020-08-10
01057000;LA LYS CANALISÉE À DEULÉMONT (59);Chlorures;82.0;mg(Cl)/L;Correcte;50.730039626;2.936821561;2021-04-09
01057000;LA LYS CANALISÉE À DEULÉMONT (59);Chlorures;67.0;mg(Cl)/L;Correcte;50.730039626;2.936821561;2021-08-09
01057000;LA LYS CANALISÉE À DEULÉMONT (59);Chlorures;100.0;mg(Cl)/L;Correcte;50.730039626;2.936821561;2022-04-20
01057000;LA LYS CANALISÉE À DEULÉMONT (59);Chlorures;200.0;mg(Cl)/L;Correcte;50.730039626;2.936821561;2022-08-09
01057000;LA LYS CANALISÉE À DEULÉMONT (59);Chlorures;68.0;mg(Cl)/L;Correcte;50.730039626;2.936821561;2023-04-17
01057000;LA LYS CANALISÉE À DEULÉMONT (59);Chlorures;81.0;mg(Cl)/L;Correcte;50.730039626;2.936821561;2023-08-08
01057000;LA LYS CANALISÉE À DEULÉMONT (59);Chlorures;57.0;mg(Cl)/L;Correcte;50.730039626;2.936821561;2024-04-15
01057000;LA LYS CANALISÉE À DEULÉMONT (59);Chlorures;85.0;mg(Cl)/L;Correcte;50.730039626;2.936821561;2024-08-09
01057000;LA LYS CANALISÉE À DEULÉMONT (59);Matières en suspension;23.0;mg/L;Correcte;50.730039626;2.936821561;2020-02-06
01057000;LA LYS CANALISÉE À DEULÉMONT (59);Matières en suspension;8.0;mg/L;Correcte;50.730039626;2.936821561;2020-06-12
01057000;LA LYS CANALISÉE À DEULÉMONT (59);Matières en suspension;7.4;mg/L;Correcte;50.730039626;2.936821561;2020-08-10
01057000;LA LYS CANALISÉE À DEULÉMONT (59);Matières en suspension;14.0;mg/L;Correcte;50.730039626;2.936821561;2020-10-08
01057000;LA LYS CANALISÉE À DEULÉMONT (59);Matières en suspension;14.0;mg/L;Correcte;50.730039626;2.936821561;2020-12-14
01057000;LA LYS CANALISÉE À DEULÉMONT (59);Matières en suspension;28.0;mg/L;Correcte;50.730039626;2.936821561;2021-02-09
01057000;LA LYS CANALISÉE À DEULÉMONT (59);Matières en suspension;7.6;mg/L;Correcte;50.730039626;2.936821561;2021-04-09
01057000;LA LYS CANALISÉE À DEULÉMONT (59);Matières en suspension;20.0;mg/L;Correcte;50.730039626;2.936821561;2021-06-11
01057000;LA LYS CANALISÉE À DEULÉMONT (59);Matières en suspension;8.5;mg/L;Correcte;50.730039626;2.936821561;2021-08-09
01057000;LA LYS CANALISÉE À DEULÉMONT (59);Matières en suspension;8.0;mg/L;Correcte;50.730039626;2.936821561;2021-10-14
01057000;LA LYS CANALISÉE À DEULÉMONT (59);Matières en suspension;37.0;mg/L;Correcte;50.730039626;2.936821561;2021-12-13
01057000;LA LYS CANALISÉE À DEULÉMONT (59);Matières en suspension;12.0;mg/L;Correcte;50.730039626;2.936821561;2022-02-08
01057000;LA LYS CANALISÉE À DEULÉMONT (59);Matières en suspension;10.0;mg/L;Correcte;50.730039626;2.936821561;2022-04-20
01057000;LA LYS CANALISÉE À DEULÉMONT (59);Matières en suspension;15.0;mg/L;Correcte;50.730039626;2.936821561;2022-06-14
01057000;LA LYS CANALISÉE À DEULÉMONT (59);Matières en suspension;18.0;mg/L;Correcte;50.730039626;2.936821561;2022-08-09
01057000;LA LYS CANALISÉE À DEULÉMONT (59);Matières en suspension;11.0;mg/L;Correcte;50.730039626;2.936821561;2022-10-18
01057000;LA LYS CANALISÉE À DEULÉMONT (59);Matières en suspension;5.1;mg/L;Correcte;50.730039626;2.936821561;2022-12-09
01057000;LA LYS CANALISÉE À DEULÉMONT (59);Matières en suspension;9.8;mg/L;Correcte;50.730039626;2.936821561;2023-02-15
01057000;LA LYS CANALISÉE À DEULÉMONT (59);Matières en suspension;8.0;mg/L;Correcte;50.730039626;2.936821561;2023-04-17
01057000;LA LYS CANALISÉE À DEULÉMONT (59);Matières en suspension;6.6;mg/L;Correcte;50.730039626;2.936821561;2023-06-14
01057000;LA LYS CANALISÉE À DEULÉMONT (59);Matières en suspension;6.4;mg/L;Correcte;50.730039626;2.936821561;2023-08-08
01057000;LA LYS CANALISÉE À DEULÉMONT (59);Matières en suspension;9.6;mg/L;Correcte;50.730039626;2.936821561;2023-10-10
01057000;LA LYS CANALISÉE À DEULÉMONT (59);Matières en suspension;51.0;mg/L;Correcte;50.730039626;2.936821561;2023-12-11
01057000;LA LYS CANALISÉE À DEULÉMONT (59);Matières en suspension;11.0;mg/L;Correcte;50.730039626;2.936821561;2024-02-19
01057000;LA LYS CANALISÉE À DEULÉMONT (59);Matières en suspension;9.9;mg/L;Correcte;50.730039626;2.936821561;2024-04-15
01057000;LA LYS CANALISÉE À DEULÉMONT (59);Matières en suspension;11.0;mg/L;Correcte;50.730039626;2.936821561;2024-06-11
01057000;LA LYS CANALISÉE À DEULÉMONT (59);Matières en suspension;12.0;mg/L;Correcte;50.730039626;2.936821561;2024-08-09
01057000;LA LYS CANALISÉE À DEULÉMONT (59);Matières en suspension;48.0;mg/L;Correcte;50.730039626;2.936821561;2024-10-10
01057000;LA LYS CANALISÉE À DEULÉMONT (59);Matières en suspension;45.0;mg/L;Correcte;50.730039626;2.936821561;2024-12-11
